GSTID,BO,PG
A0568,UID,1,
A0671,UID,1,
A0752,GLAXO SMITHKLINE,1,
A1222,MARICO,1,
A1721,UID,1,
A2033,UID,1,
A3473,COCA COLA,1,
A3687,KMF,1,
A4616,GODREJ,1,
A6288,UID,1,
A7289,NESTLE,1,
A7730,ATHICAS,1,
A7747,KRAFT HEINZ MONDELEZ,1,
A7757,KRAFT HEINZ MONDELEZ,1,
A8644,UID,1,
A8976,DESAI BROTHERS,1,
A8976,UID,1,
A9197,KELLOGGS,1,
A9197,MARS,1,
A9197,P&G,1,
A9197,UID,1,
A9333,UID,1,
A9773,KRAFT HEINZ MONDELEZ,1,
A9773,UID,1,
B0149,UID,1,
B0149,ZYDUS CADILA,1,
B1514,MARICO,1,
B3173,MARICO,1,
B3173,UID,1,
B5585,UID,1,
B6244,KRAFT HEINZ MONDELEZ,1,
B6745,UID,1,
B6765,GODREJ,1,
B7211,PEPSICO,1,
C0047,UID,1,
C0299,JOHNSON & JOHNSON,1,
C0385,UID,1,
C1045,UID,1,
C1468,GLAXO SMITHKLINE,1,
C1962,PATANJALI AYURVED,1,
C2967,SC JOHNSON,1,
C3289,UID,1,
C4798,HIMALAYA,1,
C5211,ABBOTT,1,
C5211,UID,1,
C6119,HALDIRAMS,1,
C7391,UID,1,
C7667,BIERSDORF,1,
C7766,UID,1,
C7846,UID,1,
C9038,GLAXO SMITHKLINE,1,
C9062,HIMALAYA,1,
C9065,UID,1,
C9333,UID,1,
C9605,UID,1,
C9706,UID,1,
Custom,M4684,UID,1
D0661,UID,1,
D0770,RECKITT BENCKISER,1,
D1200,GRB FOODS,1,
D1200,HANUMAN OIL TRADERS,1,
D1200,UID,1,
D3419,KRAFT HEINZ MONDELEZ,1,
D4011,UID,1,
D6157,FUTURE GROUP,1,
D7235,DRUMS FOOD,1,
D8010,DAILY AAHAR,1,
D8302,UID,1,
E7292,NESTLE,1,
E9930,UID,1,
F3372,UID,1,
F4043,UID,1,
F5928,UID,1,
FLIPKART,UID,1,
G1475,COLGATE PALMOLIVE,1,
G2662,MARICO,2,
G2662,TATA,1,
G2806,BRITANNIA,1,
G2896,HUL,2,
G3175,BEIERSDORF,1,
G4418,TATA,1,
G5874,JOHNSON & JOHNSON,1,
G5874,RECKITT BENCKISER,1,
G6244,KRAFT HEINZ MONDELEZ,1,
G6325,ITC,1,
G7258,JOHNSON & JOHNSON,1,
G8132,GODREJ,1,
G9447,BAJAJ,1,
G9447,UID,1,
G9622,UID,1,
GROFERS,UID,1,
H1564,UID,1,
H2050,UID,1,
H3005,COCA COLA,1,
H3102,DABUR,1,
H3102,DABUR,2,
H3102,DABUR,3,
H3102,EVEREST,1,
H8579,UID,1,
H8598,UID,1,
H8698,UID,1,
H9649,UID,1,
J0482,DABUR,1,
J0921,JOHNSON& JOHNSON,1,
J1860,UID,1,
J5240,DABUR,1,
J5476,UID,1,
J6549,UID,1,
J8488,UID,1,
J8532,MTR FOODS,1,
J8586,UID,1,
JUMBOTAIL,UID,1,
K0246,UID,1,
K0279,UID,1,
K0279,UID,1,
K0281,EID PARRY,1,
K0281,UID,1,
K0281,UID,1,
K0576,HIMALAYA DRUGS,1,
K0616,DANONE,1,
K0616,UNITED BISCUITS,1,
K0636,UID,1,
K1993,EMAMI,1,
K1996,UID,1,
K1996,UID,1,
K1996,UID,2,
K2201,LOTTE,1,
K2664,GODREJ,1,
K3220,NISSIN FOODS,1,
K3574,UID,1,
K3823,HIMALAYA DRUGS,1,
K4200,UID,1,
K4359,VCARE HERBAL CONCEPTS,1,
K4781,UID,1,
K5415,UID,1,
K6084,MTR FOODS,1,
K6542,TWINING & CO,1,
K6946,MATHRUSHRI FUN FOODS,1,
K7492,HIMALAYADRUGS,1,
K7617,COLGATEPALMOLIVE,1,
K7653,UID,1,
K7676,GRBFOODS,1,
K8542,TWINING&CO,1,
K8542,UID,1,
K8815,PARLE,1,
K9463,FREUDENBERG,1,
K9543,NESTLE,1,
K9869,KRAFTHEINZMONDELEZ,1,
K9869,UID,1,
K9869,WIPRO,1,
L0401,UID,1,
L0586,UID,1,
L0841,MOTHERDAIRY,1,
L1442,HUL,1,
L1442,HUL,2,
L4023,UID,1,
L5540,CONAGRAFOODS,1,
L6575,UID,1,
L9000,ABOTTNUTRITION,1,
L9098,GLOBALFOODS,1,
L9098,HERSHEY,1,
M0014,UID,1,
M0470,DABUR,1,
M0740,MARICO,1,
M0740,MARICO,1.gsheet,
M0795,ECOFINDUSTRIES,1,
M1147,DESAIBROTHERS,1,
M1147,KOHINOORFOODS,1,
M1147,KOTTARAMGROUP,1,
M1147,UNIBIC,1,
M1147,UNIBIC,2,
M2188,ADHISURYAFOODS,1,
M2329,UID,1,
M2510,ITC,1,
M2569,NISSINFOODS,1,
M2569,TATA,1,
M2977,KRAFTHEINZMONDELEZ,1,
M3219,UID,1,
M3298,MARICO,1,
M3465,MAYORAGROUP,1,
M3625,UID,1,
M3766,IFFCO,1,
M3766,UID,1,
M4264,UID,1,
M4684,UID,1,
M4875,JOHNSON&JOHNSON,1,
M5148,COLGATEPALMOLIVE,1,
M5225,HIMALAYA,1,
M5225,HIMALAYADRUGS,1,
M5225,UID,1,
M5923,HAMILTONHOUSEWARES,1,
M5923,UID,1,
M6028,EVEREST,1,
M6212,UID,1,
M6938,GARUDAFOODS,1,
M6938,KRAFTHEINZMONDELEZ,1,
M7301,UID,1,
M7608,UID,1,
M7618,JYOTHYLABS,1,
M8881,UID,1,
M9782,PARLE,1,
MARKET,UID,1,
N0462,UID,1,
N0947,UID,1,
N1257,UID,1,
N1889,UID,1,
N3472,NESTLE,1,
N4630,ABOTTNUTRITION,1,
N4630,JOHNSON&JOHNSON,1,
N4630,REDBULL,1,
N4630,REDBULL,1.gsheet,
N5735,UID,1,
N5832,UID,1,
N6011,UID,1,
N6745,UID,1,
N7215,MTRFOODS,1,
N7856,JYOTHILABORATORIES,1,
N9388,KIMBERLYCLARK,1,
N9405,UID,1,
N9869,TATA,1,
N9984,GODREJ,1,
P0077,RECKITT,1,
P0471,GCMMF,1,
P0611,MARS,1,
P1461,UID,1,
P4968,HUL,1,
P4968,HUL,2,
P5523,KRAFTHEINZMONDELEZ,1,
P5778,UID,1,
P6576,BAMBINBOAGRO,1,
P7412,GODREJ,1,
P7448,UID,1,
P7602,UID,1,
P7889,PATANJALIAYURVED,1,
P8858,PARLE,1,
P8970,UID,1,
P9781,UID,1,
R0384,NESTLE,1,
R0948,UID,1,
R1179,CONAGRA,1,
R1397,RECKITTBENCKISER,1,
R1718,UID,1,
R1748,ITC,1,
R1748,ITC,2,
R1801,UID,1,
R1860,JYOTHYLABORATORIES,1,
R2119,UID,1,
R2775,DROETKAR,1,
R2775,HALDIRAMS,1,
R2914,GRBFOODS,1,
R3046,HECTORBEVERAGES,1,
R3046,srestanaturals,1,
R3056,PATANJALIAYURVED,1,
R3832,HIMALAYADRUGS,1,
R4622,CAVINKARE,1,
R4806,UID,1,
R4809,GENERALMILLS,1,
R5233,UID,1,
R5869,UID,1,
R5928,TATA,1,
R6163,SRIBHAGYALAKSHMIFOODS,1,
R6222,DEVSNACKS,1,
R6315,WIPRO,1,
R6763,JYOTHYLABORATORIES,1,
R7025,HALDIRAM,1,
R7539,BRITANNIA,1,
R7781,MTRFOODS,1,
R8368,CAVINKARE,1,
R9083,GLAXOSMITHKLINE,1,
R9178,UID,1,
R9622,UID,1,
S0193,UID,1,
S0380,UID,1,
S0436,RECKITTBENCKISER,1,
S0511,HUL,1,
S0511,HUL,2,
S0650,UID,1,
S0655,UID,1,
S0770,KMF,1,
S0836,MAIYASBEVERAGE&FOODS,1,
S0956,COCACOLA,1,
S1564,UID,1,
S1576,HUL,2,
S1842,MAIYASBEVERAGES&FOODS,1,
S2086,UID,1,
S2465,RECKITTBENCKISER,1,
S2500,MTRFOODS,1,
S2845,MTRFOODS,1,
S2896,GLAXOSMITHKLINE,1,
S2896,HUL,2,
S3566,CONAGRA,1,
S3566,ZYDUSCADILLA,1,
S3659,CHOLAYIL,1,
S3968,VEEBAFOODSERVICES,1,
S4040,COLGATEPALMOLIVE,1,
S4479,BRITANNIA,1,
S4737,DABUR,1,
S4928,UID,1,
S5091,LOTTE,1,
S5237,SCJOHNSON,1,
S5321,ITC,1,
S5586,KRAFTHEINZMONDELEZ,1,
S5872,GANDOUR,1,
S6234,JYOTHYLABS,1,
S6267,UID,1,
S6278,UID,1,
S6364,GLOBALCONSUMER,1,
S6584,GCMMF,1,
S6620,CAVINKARE,1,
S6765,GODREJ,1,
S7013,JOHNSON&JOHNSON,1,
S7049,UID,1,
S7147,LOREAL,1,
S7460,ITC,1,
S7460,ITC,2,
S7510,PARLE,1,
S7578,PEPSICO,1,
S7599,UID,1,
S7646,HUL,1,
S7646,HUL,2,
S7775,COLGATEPALMOLIVE,1,
S7790,KRAFTHEINZMONDELEZ,1,
S8072,HIMALAYADRUGS,1,
S8072,MAIYASBEVERAGE&FOODS,1,
S8190,UID,1,
S8334,CAVINKARE,1,
S8364,UID,1,
S8411,HUL,1,
S8411,HUL,2,
S8578,UID,1,
S8579,UID,1,
S8726,REDBULL,1,
S8759,UID,1,
S8828,UID,1,
S9288,UID,1,
S9530,SRIBHAGYALAKSHMIFOODS,1,
S9534,KARNATAKASOAPS&DETERGENTS,1,
S9534,SRIBHAGYALAKSHMIFOODS,1,
S9861,UID,1,
T1704,JOHNSON&JOHNSON,1,
T4991,PARLE,1,
T5279,UID,1,
T5481,UID,1,
T5481,UID,2,
T7486,ITC,1,
T8863,UID,1,
T9697,KALEESUWARIREFINERY,1,
U2803,UID,1,
U3603,HUL,2,
U5498,RUCHISOYA,1,
U7366,UID,1,
V0444,UID,1,
V0874,UID,1,
V1050,UID,1,
V1542,GCMMF,1,
V1640,PEPSICO,1,
V2077,HIMALAYADRUGS,1,
V2942,LOREAL,1,
V2943,UID,1,
V3237,CAPITALFOODS,1,
V3373,UNITEDBISCUITS,1,
V4194,MTRFOODS,1,
V4649,VALLABHDASKANJI,1,
V4852,EVERESTSPICES,1,
V5816,UID,1,
V6974,ITC,1,
V6982,GLAXOSMITHKLINE,1,
V6982,GLAXOSMITHKLINE,2,
V7024,CARGILLINDIA,1,
V7024,UID,1,
V9344,COCACOLA,1,
Y1872,MEIJISEIKA,1,
Y2585,YAKULTDANONE,1,
Z3121,BRITANNIA,1,
